asin,name,brand,category_slug,price_band,make_slug,model_slug,gen_slug,condition_json,note,source,confidence,rank
B0B94WC2F1,"Tyger Auto T3 Soft Tri-Fold Tonneau Cover, 2021-2026 F-150 & Lightning, 5.5 ft",Tyger Auto,tonneau-covers,$250–$320,ford,f-150,2021-present,"{""bed_length_in"": 66}",Lists Lightning fitment; not for beds with utility track.,amazon-listing,2,1
B0DK3928N1,"OEDRO FRP Hard Tri-Fold Tonneau Cover, 2015-2025 F-150, 5.5 ft",OEDRO,tonneau-covers,$300–$400,ford,f-150,2021-present,"{""bed_length_in"": 66}",Hard FRP panels; utility track must be removed.,amazon-listing,2,2
B0C4G2H93V,"XTWEEX Hard Tri-Fold Tonneau Cover, 2015-2026 F-150, 5.5 ft",XTWEEX,tonneau-covers,$300–$400,ford,f-150,2021-present,"{""bed_length_in"": 66}","Fiberglass panels, no-drill clamps.",amazon-listing,2,3
B0BXVQ85RQ,"Just-V Hard Tri-Fold Tonneau Cover, 2015-2026 F-150 Crew Cab, 5.5 ft (excl. Raptor)",Just-V,tonneau-covers,$300–$380,ford,f-150,2021-present,"{""bed_length_in"": 66}",Excludes Raptor.,amazon-listing,2,4
B0C4FWZZFV,"Soft Roll-Up Tonneau Cover, 2015-2026 F-150, 6.5 ft Standard Box",Generic,tonneau-covers,$150–$200,ford,f-150,2021-present,"{""bed_length_in"": 78}",6.5 ft bed only.,amazon-listing,2,5
B0CFXLJYBM,"Soft Roll-Up Tonneau Cover, 2015-2025 F-150 Fleetside, 6.5 ft (78.9 in)",Generic,tonneau-covers,$150–$200,ford,f-150,2021-present,"{""bed_length_in"": 78}",6.5 ft bed only.,amazon-listing,2,6
B0DH3VK6C4,"Tono King FRP Hard Folding Tonneau Cover, 2019-2026 Silverado/Sierra 1500, 5'8"" bed",Tono King,tonneau-covers,$330–$420,chevrolet,silverado-1500,2019-present,"{""bed_length_in"": 70}",Hard FRP tri-fold; steel beds only.,amazon-listing,2,1
B07V31TZT5,"Xcover Low Profile Hard Folding Tonneau Cover, 2019-2025 Silverado/Sierra 1500, 5.8 ft",Xcover,tonneau-covers,$380–$480,chevrolet,silverado-1500,2019-present,"{""bed_length_in"": 70}",Low-profile aluminum; check Multi-Flex/MultiPro tailgate note on listing.,amazon-listing,2,2
B0BXVYS2ND,"Just-V Hard Tri-Fold Tonneau Cover, 2019-2024 Silverado/Sierra 1500 Crew Cab, 5.8 ft",Just-V,tonneau-covers,$300–$380,chevrolet,silverado-1500,2019-present,"{""bed_length_in"": 70}",Crew Cab short bed only.,amazon-listing,2,3
B082PJFTTB,"OEDRO Soft Tri-Fold Tonneau Cover, 2019-2026 Silverado/Sierra 1500, 5.8 ft (no Multi-Flex tailgate)",OEDRO,tonneau-covers,$200–$260,chevrolet,silverado-1500,2019-present,"{""bed_length_in"": 70}",Not for Multi-Flex / MultiPro tailgate.,amazon-listing,2,4
B0CPY26JVS,"Logan Soft Tri-Fold Tonneau Cover, 2019-2025 Silverado/Sierra 1500, 5.8 ft",Logan,tonneau-covers,$180–$240,chevrolet,silverado-1500,2019-present,"{""bed_length_in"": 70}",Soft tri-fold.,amazon-listing,2,5
B0B1DWQPT9,"CAPSER Soft Tri-Fold Tonneau Cover, 2019-2026 Silverado/Sierra 1500, 5.8 ft",CAPSER,tonneau-covers,$180–$240,chevrolet,silverado-1500,2019-present,"{""bed_length_in"": 70}",Soft tri-fold.,amazon-listing,2,6
B0CFXP1Y3X,"Soft Roll-Up Tonneau Cover, 2019-2025 Silverado/Sierra 1500, 6.6 ft (79.2 in)",Generic,tonneau-covers,$150–$210,chevrolet,silverado-1500,2019-present,"{""bed_length_in"": 79}",Not for CarbonPro bed or cargo bar system.,amazon-listing,2,7
B0CFV3DHSX,"Soft Roll-Up Tonneau Cover, 2019-2025 Silverado/Sierra 1500, 6.6 ft (not Multi-Flex / CarbonPro)",Generic,tonneau-covers,$150–$210,chevrolet,silverado-1500,2019-present,"{""bed_length_in"": 79}",Not for Multi-Flex tailgate or CarbonPro bed.,amazon-listing,2,8
B0BS4GK568,"Soft Roll-Up Tonneau Cover, 2014-2026 Silverado/Sierra 1500, 6.5 ft",Generic,tonneau-covers,$140–$200,chevrolet,silverado-1500,2019-present,"{""bed_length_in"": 79}",Long production run; confirm 2019+ new body on listing.,amazon-listing,1,9
B0DH3VK6C4,"Tono King FRP Hard Folding Tonneau Cover, 2019-2026 Silverado/Sierra 1500, 5'8"" bed",Tono King,tonneau-covers,$330–$420,gmc,sierra-1500,2019-present,"{""bed_length_in"": 70}",Hard FRP tri-fold; steel beds only. Not for CarbonPro composite bed.,amazon-listing,2,1
B07V31TZT5,"Xcover Low Profile Hard Folding Tonneau Cover, 2019-2025 Silverado/Sierra 1500, 5.8 ft",Xcover,tonneau-covers,$380–$480,gmc,sierra-1500,2019-present,"{""bed_length_in"": 70}",Low-profile aluminum; check Multi-Flex/MultiPro tailgate note on listing. Not for CarbonPro composite bed.,amazon-listing,2,2
B0BXVYS2ND,"Just-V Hard Tri-Fold Tonneau Cover, 2019-2024 Silverado/Sierra 1500 Crew Cab, 5.8 ft",Just-V,tonneau-covers,$300–$380,gmc,sierra-1500,2019-present,"{""bed_length_in"": 70}",Crew Cab short bed only. Not for CarbonPro composite bed.,amazon-listing,2,3
B082PJFTTB,"OEDRO Soft Tri-Fold Tonneau Cover, 2019-2026 Silverado/Sierra 1500, 5.8 ft (no Multi-Flex tailgate)",OEDRO,tonneau-covers,$200–$260,gmc,sierra-1500,2019-present,"{""bed_length_in"": 70}",Not for Multi-Flex / MultiPro tailgate. Not for CarbonPro composite bed.,amazon-listing,2,4
B0CPY26JVS,"Logan Soft Tri-Fold Tonneau Cover, 2019-2025 Silverado/Sierra 1500, 5.8 ft",Logan,tonneau-covers,$180–$240,gmc,sierra-1500,2019-present,"{""bed_length_in"": 70}",Soft tri-fold. Not for CarbonPro composite bed.,amazon-listing,2,5
B0B1DWQPT9,"CAPSER Soft Tri-Fold Tonneau Cover, 2019-2026 Silverado/Sierra 1500, 5.8 ft",CAPSER,tonneau-covers,$180–$240,gmc,sierra-1500,2019-present,"{""bed_length_in"": 70}",Soft tri-fold. Not for CarbonPro composite bed.,amazon-listing,2,6
B0CFXP1Y3X,"Soft Roll-Up Tonneau Cover, 2019-2025 Silverado/Sierra 1500, 6.6 ft (79.2 in)",Generic,tonneau-covers,$150–$210,gmc,sierra-1500,2019-present,"{""bed_length_in"": 79}",Not for CarbonPro bed or cargo bar system.,amazon-listing,2,7
B0CFV3DHSX,"Soft Roll-Up Tonneau Cover, 2019-2025 Silverado/Sierra 1500, 6.6 ft (not Multi-Flex / CarbonPro)",Generic,tonneau-covers,$150–$210,gmc,sierra-1500,2019-present,"{""bed_length_in"": 79}",Not for Multi-Flex tailgate or CarbonPro bed.,amazon-listing,2,8
B0BS4GK568,"Soft Roll-Up Tonneau Cover, 2014-2026 Silverado/Sierra 1500, 6.5 ft",Generic,tonneau-covers,$140–$200,gmc,sierra-1500,2019-present,"{""bed_length_in"": 79}",Long production run; confirm 2019+ new body on listing. Not for CarbonPro composite bed.,amazon-listing,1,9
B0CJNN5QBN,"Hard Tri-Fold Tonneau Cover, 2019-2025 Ram 1500 New Body & Classic, 5.7 ft, without RamBox",Generic,tonneau-covers,$300–$400,ram,1500,2019-present,"{""bed_length_in"": 67, ""rambox"": false}",Without RamBox only.,amazon-listing,2,1
B07V1LCY6Q,"Xcover Low Profile Hard Folding Tonneau Cover, 2019-2025 Ram 1500 New Body, 5.7 ft",Xcover,tonneau-covers,$380–$480,ram,1500,2019-present,"{""bed_length_in"": 67, ""rambox"": false}","Not for Classic body, track system, roll bar or multifunction tailgate.",amazon-listing,2,2
B0C4G44H67,"XTWEEX Hard Tri-Fold Tonneau Cover, 2009-2026 Ram 1500, 5.7 ft, without RamBox",XTWEEX,tonneau-covers,$300–$400,ram,1500,2019-present,"{""bed_length_in"": 67, ""rambox"": false}",Without RamBox only.,amazon-listing,2,3
B0D2D3MPHY,"ZTOP Hard Rolling Tonneau Cover, 2019-2026 Ram 1500 New Body, 5.7 ft, w/o RamBox",ZTOP,tonneau-covers,$450–$600,ram,1500,2019-present,"{""bed_length_in"": 67, ""rambox"": false}",Hard rolling (retractable-style).,amazon-listing,2,4
B0B14JJFC2,"Retractable Hard Tonneau Cover, 2009-2024 Ram 1500 (Classic & New), 5.7 ft, w/o RamBox",Generic,tonneau-covers,$500–$700,ram,1500,2019-present,"{""bed_length_in"": 67, ""rambox"": false}",Aluminum retractable; verify 2025 on listing.,amazon-listing,2,5
B09ZQDY22J,"Xcover Soft Roll-Up Tonneau Cover, 2019-2026 Ram 1500 New Body, 5.7 ft",Xcover,tonneau-covers,$150–$210,ram,1500,2019-present,"{""bed_length_in"": 67, ""rambox"": false}",Soft roll-up.,amazon-listing,2,6
B0F5H2L1V4,"Soft Tri-Fold Tonneau Cover, 2009-2026 Ram 1500 (Classic & New), 5.7 ft, without RamBox",Generic,tonneau-covers,$170–$230,ram,1500,2019-present,"{""bed_length_in"": 67, ""rambox"": false}",Soft tri-fold.,amazon-listing,2,7
B0D49R24LT,"Hard Folding Tonneau Cover, 2022-2026 Tundra, 5.5 ft Short Box",Generic,tonneau-covers,$300–$400,toyota,tundra,2022-present,"{""bed_length_in"": 66}",Hard tri-fold.,amazon-listing,2,1
B0DCBZXMNQ,"Hard Tri-Fold Tonneau Cover, 2022-2026 Tundra 5.5 ft, with or without deck rails",Generic,tonneau-covers,$300–$400,toyota,tundra,2022-present,"{""bed_length_in"": 66}",Works with the factory deck-rail system.,amazon-listing,2,2
B0B4ZLRTYB,"FeeTUO FRP Hard Tri-Fold Tonneau Cover, 2022-2026 Tundra 5.5 ft w/ OE rail system",FeeTUO,tonneau-covers,$320–$420,toyota,tundra,2022-present,"{""bed_length_in"": 66}",FRP panels; OE deck rails compatible.,amazon-listing,2,3
B0G5PSKF6C,"Soft Tri-Fold Tonneau Cover, 2022-2026 Tundra 5.5 ft with deck rail system (excl. Trail Edition)",Generic,tonneau-covers,$180–$240,toyota,tundra,2022-present,"{""bed_length_in"": 66}",Excludes Trail Edition.,amazon-listing,2,4
B0D49QWMTR,"Hard Folding Tonneau Cover, 2022-2026 Tundra, 6.5 ft Standard Box",Generic,tonneau-covers,$320–$420,toyota,tundra,2022-present,"{""bed_length_in"": 79}",6.5 ft bed.,amazon-listing,2,5
B0D49TCXQW,"Soft Quad-Fold Tonneau Cover, 2022-2026 Tundra, 6.5 ft Standard Box",Generic,tonneau-covers,$170–$230,toyota,tundra,2022-present,"{""bed_length_in"": 79}",6.5 ft bed.,amazon-listing,2,6
B096KZ9CBP,"UnderCover ArmorFlex Hard Folding Tonneau Cover AX32010, 2020-2025 Gladiator 5 ft",UnderCover,tonneau-covers,"$900–$1,100",jeep,gladiator,2020-present,"{""bed_length_in"": 60}",Premium armored hard fold; brand-name warranty.,amazon-listing,2,1
B07WDYCKF8,"UnderCover Flex Hard Folding Tonneau Cover FX31010, 2020-2025 Gladiator 5 ft",UnderCover,tonneau-covers,"$800–$1,000",jeep,gladiator,2020-present,"{""bed_length_in"": 60}",Premium hard fold.,amazon-listing,2,2
B081S4JMG1,"Gator EFX Hard Tri-Fold Tonneau Cover GC34010, 2020-2025 Gladiator 5 ft",Gator,tonneau-covers,$600–$800,jeep,gladiator,2020-present,"{""bed_length_in"": 60}",Aluminum low-profile tri-fold.,amazon-listing,2,3
B0CHVMX3VJ,"Hard Folding Tonneau Cover, 2020-2026 Gladiator JT 5 ft, with or without Trail Rail",Generic,tonneau-covers,$300–$400,jeep,gladiator,2020-present,"{""bed_length_in"": 60}",Trail Rail compatible.,amazon-listing,2,4
B08X4SR8J2,"OSOBAK Hard Tri-Fold Tonneau Cover, 2020-2026 Gladiator, compatible with factory utility track",OSOBAK,tonneau-covers,$300–$400,jeep,gladiator,2020-present,"{""bed_length_in"": 60}",Trail Rail / utility track compatible.,amazon-listing,2,5
B0CQV7GPJC,"FASTFIT Hard Tri-Fold Tonneau Cover, 2020-2026 Gladiator 5 ft with track system",FASTFIT,tonneau-covers,$300–$400,jeep,gladiator,2020-present,"{""bed_length_in"": 60}",Sits on top of the bed rails.,amazon-listing,2,6
B0FHKL9D3X,"Retractable Hard Tonneau Cover, 2020-2025 Gladiator 5 ft with deck rail, 600 lb",Generic,tonneau-covers,$500–$700,jeep,gladiator,2020-present,"{""bed_length_in"": 60}",Aluminum slat retractable; no-drill.,amazon-listing,2,7
B0BPQ6WLXZ,"Toptiny Soft Folding Tonneau Cover TSTF031, 2020-2026 Gladiator 5 ft",Toptiny,tonneau-covers,$160–$220,jeep,gladiator,2020-present,"{""bed_length_in"": 60}",Budget soft tri-fold.,amazon-listing,2,8
B0BNMKS29M,"TIPTOP Hard Tri-Fold FRP Tonneau Cover TPM3, 2022-2026 Maverick 4.5 ft",TIPTOP,tonneau-covers,$300–$380,ford,maverick,2022-present,"{""bed_length_in"": 54}","FRP hard tri-fold, on-top mount.",amazon-listing,2,1
B0DWSHP5X9,"Hard Tri-Fold Tonneau Cover, 2022-2026 Maverick 4.5 ft (54.4 in)",Generic,tonneau-covers,$280–$360,ford,maverick,2022-present,"{""bed_length_in"": 54}",Hard tri-fold.,amazon-listing,2,2
B0CG1M386H,"PENSUN Hard Tri-Fold Tonneau Cover with LED lights, 2022-2025 Maverick 4.5 ft",PENSUN,tonneau-covers,$300–$400,ford,maverick,2022-present,"{""bed_length_in"": 54}",Includes LED bed lights; no-drill.,amazon-listing,2,3
B0F9WDPKR5,"Soft Tri-Fold Tonneau Cover, 2022-2026 Maverick 4.5 ft",Generic,tonneau-covers,$150–$200,ford,maverick,2022-present,"{""bed_length_in"": 54}",Soft tri-fold.,amazon-listing,2,4
B0GFMF7Q37,"Soft Tri-Fold Tonneau Cover, 2022-2025 Maverick Fleetside 4.6 ft (54.4 in)",Generic,tonneau-covers,$150–$200,ford,maverick,2022-present,"{""bed_length_in"": 54}",Soft tri-fold.,amazon-listing,2,5
B0C4G93K2C,"Soft Tri-Fold Tonneau Cover, 2022-2025 Maverick 4.6 ft box",Generic,tonneau-covers,$150–$200,ford,maverick,2022-present,"{""bed_length_in"": 54}",Soft tri-fold.,amazon-listing,2,6
B0CHVLRZV9,"Hard Folding Tonneau Cover, 2019-2026 Ranger 5 ft Short Box (seller lists both generations)",Generic,tonneau-covers,$300–$400,ford,ranger,2024-present,"{""bed_length_in"": 60}",Seller claims 2019-2026; 2024+ bed differs — confirm with seller before buying.,amazon-listing,1,1
B0D4Y4M3ZY,"Hard Tri-Fold Aluminum Tonneau Cover with LED, 2019-2026 Ranger 5 ft (seller lists both generations)",Generic,tonneau-covers,$320–$420,ford,ranger,2024-present,"{""bed_length_in"": 60}",Seller claims 2019-2026; confirm 2024+ fit.,amazon-listing,1,2
B0CQV98BFT,"FASTFIT Hard Tri-Fold Tonneau Cover, 2019-2025 Ranger 5 ft (61 in)",FASTFIT,tonneau-covers,$300–$400,ford,ranger,2024-present,"{""bed_length_in"": 60}",Listed to 2025; confirm 2024+ fit with seller.,amazon-listing,1,3
B0GTM1XFPB,"Retractable Hard Aluminum Tonneau Cover, 2024-2026 Tacoma 5 ft (60 in)",Generic,tonneau-covers,$500–$700,toyota,tacoma,2024-present,"{""bed_length_in"": 60}","Lockable, no-drill; confirmed 2024+ listing.",amazon-listing,1,1
B0GV3XPK7S,"Heavy-Duty Retractable Tonneau Cover, 2024-2025 Tacoma 4th Gen, 5 ft",Generic,tonneau-covers,$500–$700,toyota,tacoma,2024-present,"{""bed_length_in"": 60}",Mechanical lock; confirmed 4th-gen listing.,amazon-listing,1,2
B0F24DTVS1,"DNYKER Hard Tri-Fold Tonneau Cover, 2024-2026 Tacoma 5 ft with OE track system (excl. Trail Edition)",DNYKER,tonneau-covers,$300–$400,toyota,tacoma,2024-present,"{""bed_length_in"": 60}",Confirmed 2024+ listing; excludes Trail Edition.,amazon-listing,1,1
B0D9PT8T9F,"YITAMOTOR FRP Hard Tri-Fold Tonneau Cover, 2024-2026 Tacoma 5 ft with deck rail system",YITAMOTOR,tonneau-covers,$300–$400,toyota,tacoma,2024-present,"{""bed_length_in"": 60}",Confirmed 2024+ listing; excludes Trail Edition.,amazon-listing,1,2
B0DJ5ST21T,"YZONA 13.3 in Overland Bed Rack with LED lights, 2016-2025 Tacoma with bed rails, 1,000 lb",YZONA,bed-racks,$350–$450,toyota,tacoma,2016-2023,{},Clamps to factory deck rails; low/mid height for tents.,amazon-listing,2,1
B0BPHJTYD9,"u-Box 19 in Full-Height Overland Bed Rack, Tacoma 5 ft bed / Gladiator / Ranger / Colorado",u-Box,bed-racks,$450–$600,toyota,tacoma,2016-2023,"{""bed_length_in"": 61}",Full height; 5 ft bed only.,amazon-listing,2,2
B0BPM8R6GQ,"Hooke Road 12.3 in Overland Bed Rack, Tacoma 5 ft / Gladiator / Ranger / Colorado",Hooke Road,bed-racks,$350–$450,toyota,tacoma,2016-2023,"{""bed_length_in"": 61}",Low-profile steel; 5 ft bed only.,amazon-listing,2,3
B0DS2BHPLF,"JOYTUTUS 14.96 in Overland Bed Rack with MOLLE panels, 900 lb, Tacoma / Gladiator / Ranger / Colorado",JOYTUTUS,bed-racks,$400–$500,toyota,tacoma,2016-2023,{},Adjustable width; check bed length on listing.,amazon-listing,2,4
B0DF7LHZD2,"SUORTO Overland Bed Rack with 2 LED light bars, 2020-2025 Gladiator JT, 500 lb",SUORTO,bed-racks,$350–$450,jeep,gladiator,2020-present,{},Gladiator-specific clamp rack.,amazon-listing,2,1
B0D3GJZGHF,"OTHOWE 22 in High Overland Bed Rack, Gladiator JT (without tonneau cover)",OTHOWE,bed-racks,$400–$500,jeep,gladiator,2020-present,{},Full height; not compatible with a tonneau.,amazon-listing,2,2
B0DS2BHPLF,"JOYTUTUS 14.96 in Overland Bed Rack with MOLLE panels, 900 lb, 2020-2025 Gladiator",JOYTUTUS,bed-racks,$400–$500,jeep,gladiator,2020-present,{},Mid height; tent-rated per listing.,amazon-listing,2,3
B0BPHJTYD9,"u-Box 19 in Full-Height Overland Bed Rack, Gladiator JT",u-Box,bed-racks,$450–$600,jeep,gladiator,2020-present,{},Full height.,amazon-listing,2,4
B0BPM8R6GQ,"Hooke Road 12.3 in Overland Bed Rack, Gladiator JT",Hooke Road,bed-racks,$350–$450,jeep,gladiator,2020-present,{},Low profile.,amazon-listing,2,5
B0DS2BHPLF,"JOYTUTUS 14.96 in Adjustable Overland Bed Rack, lists 2019-2025 Ranger",JOYTUTUS,bed-racks,$400–$500,ford,ranger,2024-present,{},Adjustable clamp rack; seller lists to 2025 — confirm 2024+ bed width.,amazon-listing,1,1
B0DDKJ37N4,"OBNAUX Overland Bed Rack with LED bars, lists 2004-2025 Ranger",OBNAUX,bed-racks,$300–$400,ford,ranger,2024-present,{},Universal clamp rack; confirm 2024+ with seller.,amazon-listing,1,2
B0CQ1VSKTN,"KitsPro 260 lb Roof Rack Cross Bars, 2010-2024 4Runner (factory raised side rails only)",KitsPro,roof-racks,$90–$130,toyota,4runner,2010-2024,"{""roof_type"": ""raised-rails""}",Clamp-on aluminum; not for TRD Pro basket.,amazon-listing,2,1
B0D12M8BTZ,"Tuyoung 300 lb Lockable Cross Bars, 2010-2024 4Runner with side rails",Tuyoung,roof-racks,$100–$140,toyota,4runner,2010-2024,"{""roof_type"": ""raised-rails""}",Lockable; raised rails only.,amazon-listing,2,2
B0FZST5M5K,"300 lb Lockable Aluminum Cross Bars, 2010-2024 4Runner",Generic,roof-racks,$90–$130,toyota,4runner,2010-2024,"{""roof_type"": ""raised-rails""}",Anti-theft locks.,amazon-listing,2,3
B0FG7NBC6W,"260 lb Aluminum Cross Bars, 2010-2024 4Runner",Generic,roof-racks,$80–$120,toyota,4runner,2010-2024,"{""roof_type"": ""raised-rails""}",Budget clamp-on bars.,amazon-listing,2,4
B0BTLXZV3T,"Aluminum Rail Cross Bars, 2010-2024 4Runner",Generic,roof-racks,$70–$110,toyota,4runner,2010-2024,"{""roof_type"": ""raised-rails""}",Budget.,amazon-listing,2,5
B08NXB5H29,"Roof Rack Side Rails (replacement raised rails), 2010-2024 4Runner",Generic,roof-racks,$150–$220,toyota,4runner,2010-2024,{},For trucks missing factory rails; needed before crossbars.,amazon-listing,2,6
B0FNVH28DX,"260 lb Lockable Roof Rack Cross Bars, 2025-2026 4Runner, wide-grip clamps, no drilling",Generic,roof-racks,$100–$150,toyota,4runner,2025-present,"{""roof_type"": ""raised-rails""}",Confirmed 2025+ listing.,amazon-listing,1,1
B0G3THM11J,"Upgraded Lockable Aluminum Cross Bars, 2025-2026 4Runner",Generic,roof-racks,$100–$150,toyota,4runner,2025-present,"{""roof_type"": ""raised-rails""}",Confirmed 2025+ listing.,amazon-listing,1,2
B0BW821W8X,"Wonderdriver 5-Piece Roof Rack Cross Bars, 2021-2026 Bronco hardtop 2-door & 4-door",Wonderdriver,roof-racks,$150–$220,ford,bronco,2021-present,"{""roof_type"": ""removable""}",Hardtop only; not Bronco Sport.,amazon-listing,2,1
B0FXM1DYRK,"Wonderdriver 330 lb 5-Piece Cross Bars, 2021-2026 Bronco hardtop 2-door & 4-door",Wonderdriver,roof-racks,$170–$240,ford,bronco,2021-present,"{""roof_type"": ""removable""}",Higher load rating version.,amazon-listing,2,2
B0DP4MVP7Z,"ANTS PART 5-Piece Extended Roof Rack Kit (2 rails + 3 bars), 2021-2026 Bronco 4-door hardtop",ANTS PART,roof-racks,$180–$260,ford,bronco,2021-present,"{""roof_type"": ""removable"", ""doors"": 4}",4-door only; no-drill.,amazon-listing,2,3
B0C9CJK487,"ROSY PIXEL Roof Rack Kit, side rails + cross bars, 2021-2026 Bronco hardtop",ROSY PIXEL,roof-racks,$150–$220,ford,bronco,2021-present,"{""roof_type"": ""removable""}",Hardtop only.,amazon-listing,2,4
B0D6QW62SB,"Broaddict Half Roof Rack, 2021-2026 Bronco 4-door hardtop",Broaddict,roof-racks,$200–$300,ford,bronco,2021-present,"{""roof_type"": ""removable"", ""doors"": 4}",Rear-half platform; keeps front panels removable.,amazon-listing,2,5
B0D179TWJ6,"Extended Cross Bars + Side Ladder, 2021-2025 Bronco 4-door hardtop",Generic,roof-racks,$250–$350,ford,bronco,2021-present,"{""roof_type"": ""removable"", ""doors"": 4}",Includes side ladder.,amazon-listing,2,6
B0BPY41QBK,"BougeRV Lockable Cross Bars, 2020-2025 Outback Wilderness only",BougeRV,roof-racks,$90–$130,subaru,outback,2020-present,"{""roof_type"": ""raised-rails"", ""trim"": ""Wilderness""}",Wilderness ladder rack only.,amazon-listing,2,1
B0CSW5W542,"Soruci 300 lb Cross Bars, 2022-2025 Outback Wilderness only",Soruci,roof-racks,$90–$130,subaru,outback,2020-present,"{""roof_type"": ""raised-rails"", ""trim"": ""Wilderness""}",Wilderness only.,amazon-listing,2,2
B0C1B1M96H,"300 lb Lockable Cross Bars, 2022-2025 Outback Wilderness",Generic,roof-racks,$90–$130,subaru,outback,2020-present,"{""roof_type"": ""raised-rails"", ""trim"": ""Wilderness""}",Wilderness only.,amazon-listing,2,3
B099HSLM2M,EZREXPM Cross Bars for raised side rails (Forester / Crosstrek / 2022-2025 Outback Wilderness),EZREXPM,roof-racks,$80–$120,subaru,outback,2020-present,"{""roof_type"": ""raised-rails"", ""trim"": ""Wilderness""}",Multi-fit; confirm Outback trim on listing.,amazon-listing,1,4
B0H93M98FJ,"RuiHui Roof Rack Cross Bars, 2020-2026 Model Y incl. Juniper, 165 lb, lockable",RuiHui,roof-racks,$180–$260,tesla,model-y,2020-present,"{""roof_type"": ""fixed-points""}",Lists Juniper; fixed-point mount.,amazon-listing,2,1
B0FS1X1KX4,"Cross Bars for 2020-2026 Model Y incl. Juniper, quiet aero design",Generic,roof-racks,$180–$260,tesla,model-y,2020-present,"{""roof_type"": ""fixed-points""}",Lists Juniper; not for S/3/X.,amazon-listing,2,2
B0DHZJMV4S,"Noiseless Lockable Aluminum Roof Rack, 2020-2025 Model Y",Generic,roof-racks,$170–$250,tesla,model-y,2020-present,"{""roof_type"": ""fixed-points""}",2020-2025 only; confirm Juniper separately.,amazon-listing,1,3
B0D3ZVKCXM,"AUXPACBO Upgraded Noiseless Lockable Roof Rack, 2020-2025 Model Y",AUXPACBO,roof-racks,$170–$250,tesla,model-y,2020-present,"{""roof_type"": ""fixed-points""}",2020-2025.,amazon-listing,2,4
B09VJZ3JWH,"AUXPACBO Lockable Cross Bars, 2020-2025 Model Y",AUXPACBO,roof-racks,$150–$220,tesla,model-y,2020-present,"{""roof_type"": ""fixed-points""}",2020-2025.,amazon-listing,2,5
B081J9P2KY,"Autekcomma 260 lb Lockable Cross Bars, 2019-2025 RAV4 (not LE / Adventure / TRD Off-Road / Woodland)",Autekcomma,cargo-boxes,$90–$130,toyota,rav4,2019-present,"{""roof_type"": ""raised-rails""}","Standard raised rails only — buy first, then a box.",amazon-listing,2,1
B08LG42HL8,"FLYCLE Lockable Cross Bars, 2019-2025 RAV4 (not Adventure / TRD Off-Road)",FLYCLE,cargo-boxes,$80–$120,toyota,rav4,2019-present,"{""roof_type"": ""raised-rails""}",Standard rails only.,amazon-listing,2,2
B07WGHX1K5,"ROKIOTOEX Cross Bars, 2019-2024 RAV4 Adventure / TRD factory raised rails",ROKIOTOEX,cargo-boxes,$100–$150,toyota,rav4,2019-present,"{""roof_type"": ""raised-rails"", ""trim"": ""Adventure/TRD Off-Road""}",Adventure / TRD rails only.,amazon-listing,2,3
B0GDYBR15P,"Aluminum Cross Bars, 2019-2025 RAV4, no-drill",Generic,cargo-boxes,$70–$110,toyota,rav4,2019-present,"{""roof_type"": ""raised-rails""}",Confirm trim on listing.,amazon-listing,1,4
B001PUZXGK,"Yakima SkyBox 16 Rooftop Cargo Box, 16 cu ft",Yakima,cargo-boxes,$550–$700,toyota,rav4,2019-present,{},Universal T-slot/clamp mount; needs crossbars first.,amazon-listing,2,5
B083KP48XC,"Yakima GrandTour 16 Premium Cargo Box, dual-side opening",Yakima,cargo-boxes,"$800–$1,000",toyota,rav4,2019-present,{},Premium 16 cu ft; needs crossbars.,amazon-listing,2,6
B0DYWCZSD8,Yakima SkyBox NX Skinny 12 cu ft Cargo Box,Yakima,cargo-boxes,$450–$600,toyota,rav4,2019-present,{},Narrow — leaves room for a bike or kayak beside it.,amazon-listing,2,7
B001PUZ24I,Yakima RocketBox 16 Cargo Box,Yakima,cargo-boxes,$450–$600,toyota,rav4,2019-present,{},Budget Yakima 16 cu ft.,amazon-listing,2,8
B09HC2LWX8,Yakima DeepSpace 10 Hard Shell Cargo Box,Yakima,cargo-boxes,$350–$450,toyota,rav4,2019-present,{},Compact 10 cu ft.,amazon-listing,2,9
B001PUZXGK,"Yakima SkyBox 16 Rooftop Cargo Box, 16 cu ft",Yakima,cargo-boxes,$550–$700,subaru,outback,2020-present,{},Universal T-slot/clamp mount; needs crossbars first.,amazon-listing,2,1
B083KP48XC,"Yakima GrandTour 16 Premium Cargo Box, dual-side opening",Yakima,cargo-boxes,"$800–$1,000",subaru,outback,2020-present,{},Premium 16 cu ft; needs crossbars.,amazon-listing,2,2
B0DYWCZSD8,Yakima SkyBox NX Skinny 12 cu ft Cargo Box,Yakima,cargo-boxes,$450–$600,subaru,outback,2020-present,{},Narrow — leaves room for a bike or kayak beside it.,amazon-listing,2,3
B001PUZ24I,Yakima RocketBox 16 Cargo Box,Yakima,cargo-boxes,$450–$600,subaru,outback,2020-present,{},Budget Yakima 16 cu ft.,amazon-listing,2,4
B09HC2LWX8,Yakima DeepSpace 10 Hard Shell Cargo Box,Yakima,cargo-boxes,$350–$450,subaru,outback,2020-present,{},Compact 10 cu ft.,amazon-listing,2,5
B0DXPZDL1P,"Lockable Aluminum Cross Bars, 2020-2025 Telluride",Generic,cargo-boxes,$90–$130,kia,telluride,2020-present,"{""roof_type"": ""raised-rails""}","Buy first, then a box.",amazon-listing,2,1
B09TW15M9N,"Snailfly Lockable Cross Bars, 2019-2025 Telluride EX / S / SX / SX-P (except LE, X-Line, X-Pro)",Snailfly,cargo-boxes,$90–$130,kia,telluride,2020-present,"{""roof_type"": ""raised-rails""}",Not for X-Line / X-Pro rails.,amazon-listing,2,2
B0CZZWTQNH,"Tuyoung 300 lb Cross Bars, 2023-2025 Telluride X-Pro & X-Line raised rails",Tuyoung,cargo-boxes,$100–$140,kia,telluride,2020-present,"{""roof_type"": ""raised-rails"", ""trim"": ""X-Line/X-Pro""}",X-Line / X-Pro only.,amazon-listing,2,3
B0BM9ZMDTC,"Snailfly 165 lb Cross Bars, 2023-2025 Telluride X-Pro / X-Line",Snailfly,cargo-boxes,$90–$130,kia,telluride,2020-present,"{""roof_type"": ""raised-rails"", ""trim"": ""X-Line/X-Pro""}",X-Line / X-Pro only.,amazon-listing,2,4
B001PUZXGK,"Yakima SkyBox 16 Rooftop Cargo Box, 16 cu ft",Yakima,cargo-boxes,$550–$700,kia,telluride,2020-present,{},Universal T-slot/clamp mount; needs crossbars first.,amazon-listing,2,5
B083KP48XC,"Yakima GrandTour 16 Premium Cargo Box, dual-side opening",Yakima,cargo-boxes,"$800–$1,000",kia,telluride,2020-present,{},Premium 16 cu ft; needs crossbars.,amazon-listing,2,6
B0DYWCZSD8,Yakima SkyBox NX Skinny 12 cu ft Cargo Box,Yakima,cargo-boxes,$450–$600,kia,telluride,2020-present,{},Narrow — leaves room for a bike or kayak beside it.,amazon-listing,2,7
B001PUZ24I,Yakima RocketBox 16 Cargo Box,Yakima,cargo-boxes,$450–$600,kia,telluride,2020-present,{},Budget Yakima 16 cu ft.,amazon-listing,2,8
B09HC2LWX8,Yakima DeepSpace 10 Hard Shell Cargo Box,Yakima,cargo-boxes,$350–$450,kia,telluride,2020-present,{},Compact 10 cu ft.,amazon-listing,2,9
B0BHZY5GTP,"CURT 13504 Class 3 Trailer Hitch, 2 in receiver, 2022-2025 Maverick (excl. factory receiver)",CURT,hitches,$180–$240,ford,maverick,2022-present,{},Brand-name; bolt-on.,amazon-listing,2,1
B0B6296PL4,"Draw-Tite 76557 Class 3 Trailer Hitch, 2 in receiver, 2022-2026 Maverick",Draw-Tite,hitches,$180–$240,ford,maverick,2022-present,{},Brand-name; bolt-on.,amazon-listing,2,2
B0H2DP5QBR,"Nilight Class 3 Trailer Hitch 2 in, 2022-2026 Maverick (excl. factory receiver)",Nilight,hitches,$120–$170,ford,maverick,2022-present,{},Budget; bike rack / cargo carrier.,amazon-listing,2,3
B0GFQH1Z61,"Armordillo Class 3 Hitch with loaded ball mount, 2022-2026 Maverick",Armordillo,hitches,$150–$200,ford,maverick,2022-present,{},Includes ball mount.,amazon-listing,2,4
B0FWC3TNXN,"TUZILLA Class 3 Trailer Hitch 2 in, 2022-2026 Maverick",TUZILLA,hitches,$110–$160,ford,maverick,2022-present,{},Budget.,amazon-listing,2,5
B0FXM8SX2T,"APS Class 3 Rear Towing Hitch Receiver, 2022-2026 Maverick",APS,hitches,$110–$160,ford,maverick,2022-present,{},Budget.,amazon-listing,2,6
B01K52C53W,"CURT Class 3 Trailer Hitch 2 in with 4-way flat wiring harness, 2019-2025 RAV4 & 2021-2024 RAV4 Prime",CURT,hitches,$260–$340,toyota,rav4,2019-present,{},Hitch + harness bundle; lists Prime.,amazon-listing,2,1
B0H8Z9D2FN,"CURT Class 3 Trailer Hitch with 4-way custom wiring harness, 2019-2025 RAV4",CURT,hitches,$250–$330,toyota,rav4,2019-present,{},Hitch + harness.,amazon-listing,2,2
B07V3NLKV9,"Rigid Hitch R3-0523 Class 3 Trailer Hitch 2 in, 2019-2024 RAV4, made in USA",Rigid Hitch,hitches,$180–$240,toyota,rav4,2019-present,{},Hitch only; verify 2025 on listing.,amazon-listing,2,3
B0H2GPMC4N,"Class 3 Trailer Hitch 2 in, 2020-2026 Model Y all trims",Generic,hitches,$180–$260,tesla,model-y,2020-present,{},For bike racks / carriers; no Trailer Mode.,amazon-listing,2,1
B0BNVFCPRH,"Class 3 Trailer Hitch 2 in, 2020-2024 Model Y",Generic,hitches,$170–$250,tesla,model-y,2020-present,"{""year_to"": 2024}",Pre-Juniper only.,amazon-listing,2,2
B0F2MDYT6Z,"Class 3 Trailer Hitch 2 in, 2025 Model Y Juniper (not 2026)",Generic,hitches,$180–$260,tesla,model-y,2020-present,"{""year_from"": 2025, ""year_to"": 2025}",Juniper-specific.,amazon-listing,2,3
B0G3242GBZ,"Trailer Hitch 2 in receiver, 2020-2025 Model Y, alloy steel",Generic,hitches,$170–$250,tesla,model-y,2020-present,{},Bike racks / cargo carriers.,amazon-listing,2,4
B0HB2ZQJL3,"Trailer Hitch Receiver 2 in, 2020-2026 Model Y, 2,000 lb GTW, includes cover",Generic,hitches,$150–$220,tesla,model-y,2020-present,{},Light-duty; racks only.,amazon-listing,2,5
B08KH848CN,"CURT 13460 Class 3 Trailer Hitch 2 in, select Highlander (2020+)",CURT,hitches,$200–$280,toyota,highlander,2020-present,{},Confirm 2020-2025 on listing; not Grand Highlander.,amazon-listing,1,1
B0DQ3K1XVD,"TLAPS Class 3 Trailer Hitch 2 in, 2020-2025 Highlander",TLAPS,hitches,$140–$200,toyota,highlander,2020-present,{},Budget; lists 2020-2025.,amazon-listing,2,2
B0F1CMKNT5,"LASFIT All-Weather TPE Floor Liners, 2025-2026 4Runner 5-seat gas (not hybrid), front & rear",LASFIT,floor-mats,$120–$160,toyota,4runner,2025-present,"{""rows"": 2, ""hybrid"": false}",5-seat gas only.,amazon-listing,2,1
B0F1CMB75T,"LASFIT Floor Liners + Cargo + Backrest Mats, 2025-2026 4Runner 5-seat gas",LASFIT,floor-mats,$170–$220,toyota,4runner,2025-present,"{""rows"": 2, ""hybrid"": false}",Full set incl. cargo; gas only.,amazon-listing,2,2
B0F23X594D,"TripleAliners Heavy-Duty TPE Liners, 2025-2026 4Runner 5-seat, front/2nd row/cargo/seatback (not hybrid)",TripleAliners,floor-mats,$150–$200,toyota,4runner,2025-present,"{""rows"": 2, ""hybrid"": false}",Full set; gas only.,amazon-listing,2,3
B0F6V4NW6B,"All-Weather Floor Mats + Cargo Liner, 2025-2026 4Runner 7-seat SR5/Limited (not hybrid)",Generic,floor-mats,$150–$200,toyota,4runner,2025-present,"{""rows"": 3, ""hybrid"": false}",3-row set.,amazon-listing,2,4
B0G3NYLLVR,"NQOQN All-Weather Floor Mats + Trunk + Backrest, 2025-2026 4Runner 7-seat",NQOQN,floor-mats,$140–$190,toyota,4runner,2025-present,"{""rows"": 3}",3-row set.,amazon-listing,2,5
B0DV11JW53,"Toyota Genuine All-Weather Floor Liners, 2025+ 4Runner, third-row compatible",Toyota,floor-mats,$180–$240,toyota,4runner,2025-present,{},OEM liners.,amazon-listing,2,6
B0GRYDX3SF,"Vantio TPE Floor Liners, 2025-2026 4Runner 5-seat (not hybrid)",Vantio,floor-mats,$100–$140,toyota,4runner,2025-present,"{""rows"": 2, ""hybrid"": false}",Budget 5-seat.,amazon-listing,2,7
B0CSKR1WZ6,"TPE All-Weather Floor Mats + Cargo Liner, 2023-2026 CR-V gas & hybrid",Generic,floor-mats,$110–$150,honda,cr-v,2023-present,{},Full set incl. cargo; lists hybrid.,amazon-listing,2,1
B0CWRYCGGY,"Weize Floor Mats + Cargo Liner (upper position), 2023-2026 CR-V incl. Hybrid",Weize,floor-mats,$110–$150,honda,cr-v,2023-present,{},Cargo liner for upper deck position.,amazon-listing,2,2
B0BVLYJV8X,"HAFIDI TPE Floor Liners 1st & 2nd row, 2023-2026 CR-V & CR-V Hybrid",HAFIDI,floor-mats,$80–$120,honda,cr-v,2023-present,{},Cabin set only.,amazon-listing,2,3
B0CZ364XXB,"Sunsdrew TPE Floor Liners 1st & 2nd row, 2023-2025 CR-V & Hybrid",Sunsdrew,floor-mats,$80–$120,honda,cr-v,2023-present,{},Cabin set only.,amazon-listing,2,4
B0DZNG9CHB,"TTX Lighting Floor Liners + Cargo Liner + Backrest Mats, 2023-2026 CR-V gas & hybrid (upper deck)",TTX Lighting,floor-mats,$120–$160,honda,cr-v,2023-present,{},Full set.,amazon-listing,2,5
B0D5QNN1BD,"Autocessking 4-Piece Floor Mats + Cargo Liner, 2023-2025 CR-V Hybrid (upper deck)",Autocessking,floor-mats,$100–$140,honda,cr-v,2023-present,"{""hybrid"": true}",Hybrid cargo deck.,amazon-listing,2,6
B0GTS6R1N6,"Foronetry 8-Piece All-Weather Set, 2025-2026 Model Y Juniper 5-seat (frunk, trunk, cargo, rear mats)",Foronetry,floor-mats,$140–$190,tesla,model-y,2020-present,"{""year_from"": 2025, ""rows"": 2}",Juniper only; not Standard trim or 7-seat.,amazon-listing,2,1
B0DZGGYTBC,"TripleAliners 10-Piece Set, 2025-2026 Model Y Juniper (floor, frunk, trunk, rear lower, backrest, bumper guard)",TripleAliners,floor-mats,$150–$200,tesla,model-y,2020-present,"{""year_from"": 2025}",Juniper only; not Standard.,amazon-listing,2,2
B0H251XWBW,"Autocessking 11-Piece All-Weather Mats + Cargo Liners, 2025-2026 Model Y Juniper (not Standard)",Autocessking,floor-mats,$150–$200,tesla,model-y,2020-present,"{""year_from"": 2025}",Juniper only.,amazon-listing,2,3
B0H6QQJ7GT,"Front (frunk) + Rear Trunk Mats, 2025-2026 Model Y Juniper 5-seat Premium/Performance",Generic,floor-mats,$60–$90,tesla,model-y,2020-present,"{""year_from"": 2025}",Trunk/frunk only; Juniper.,amazon-listing,2,4
B0BRJQ2C7V,"3W 6-Piece TPE Floor Mats + Cargo + Frunk Liners, 2020-2024 Model Y 5-seat (not Juniper)",3W,floor-mats,$120–$160,tesla,model-y,2020-present,"{""year_to"": 2024, ""rows"": 2}",Pre-Juniper only.,amazon-listing,2,5
B0CBWNQYW5,"Foronetry 9-Piece All-Weather Set, 2021-2024 Model Y 5-seat (not 7-seat / not Juniper)",Foronetry,floor-mats,$130–$180,tesla,model-y,2020-present,"{""year_to"": 2024, ""rows"": 2}",Pre-Juniper only.,amazon-listing,2,6
B0CPXZKX62,"WEIZE 6-Piece All-Weather Mats + Trunk + Cargo Liners, 2020-2024 Model Y 5-seat",WEIZE,floor-mats,$100–$140,tesla,model-y,2020-present,"{""year_to"": 2024, ""rows"": 2}",Pre-Juniper only.,amazon-listing,2,7
B09YTGFHGG,"TAPTES XPE Floor Mats Full Set + Trunk Cargo Liner, 2021-2025 Model Y 5-seat",TAPTES,floor-mats,$110–$150,tesla,model-y,2020-present,"{""rows"": 2}",Lists to 2025; confirm Juniper vs pre-refresh on listing.,amazon-listing,1,8
B0BHS6HHQ5,"3W TPE Floor Mats + Cargo Liner, 2022-2026 Grand Cherokee WL incl. 4xe (not L / WK2)",3W,floor-mats,$130–$180,jeep,grand-cherokee,2022-present,"{""rows"": 2}",Full set incl. trunk; 4xe listed.,amazon-listing,2,1
B0GT4Y47WY,"All-Weather Floor Mats Set, 2022-2026 Grand Cherokee WL 5-seat incl. 4xe (not L)",Generic,floor-mats,$90–$130,jeep,grand-cherokee,2022-present,"{""rows"": 2}",Cabin set; 4xe listed.,amazon-listing,2,2
B0CTCMD7GL,"All-Weather TPE Floor Mats, 2022-2025 Grand Cherokee WL incl. 4xe, 5-seat only (not WK2 / WL75)",Generic,floor-mats,$90–$130,jeep,grand-cherokee,2022-present,"{""rows"": 2}",Cabin set.,amazon-listing,2,3
B09TK59VFT,"Flymotor Custom-Fit TPE Floor Liners, 2022-2024 Grand Cherokee WL 2-row full set",Flymotor,floor-mats,$100–$140,jeep,grand-cherokee,2022-present,"{""rows"": 2}",2022-2024; confirm 2025 on listing.,amazon-listing,1,4
B0CKW3XNVK,"Floor Liner + Cargo Mat Full Set, 2022-2026 Grand Cherokee WL incl. 4xe (not L / WK)",Generic,floor-mats,$120–$160,jeep,grand-cherokee,2022-present,"{""rows"": 2}",Full set incl. cargo.,amazon-listing,2,5
B0896RQ7VT,"LASFIT TPE Floor Liners 1st & 2nd row, 2015-2026 F-150 SuperCrew & 2022-2025 Lightning (rear without fold-flat storage)",LASFIT,floor-mats,$120–$160,ford,f-150,2021-present,"{""cab"": ""SuperCrew"", ""fold_flat_storage"": false}",Not for rear fold-flat under-seat storage.,amazon-listing,2,1
B0DCVH5QF5,"Mixsuper TPE Floor Liners 2-row, 2015-2025 F-150 SuperCrew incl. Lightning (fits rear bench with under-seat storage)",Mixsuper,floor-mats,$110–$150,ford,f-150,2021-present,"{""cab"": ""SuperCrew"", ""fold_flat_storage"": true}",Fits rear under-seat storage.,amazon-listing,2,2
B0D7HZSBRH,"KARPAL Custom-Fit TPE Front Floor Liners, 2015-2025 F-150 SuperCrew / SuperCab incl. Lightning",KARPAL,floor-mats,$70–$100,ford,f-150,2021-present,{},Front row only.,amazon-listing,2,3
B0CWRY7BVD,"Weize TPE Floor Liners Front & 2nd row, 2015-2025 F-150 SuperCrew & Lightning (not rear fold-flat storage)",Weize,floor-mats,$100–$140,ford,f-150,2021-present,"{""cab"": ""SuperCrew"", ""fold_flat_storage"": false}",Not for rear fold-flat storage.,amazon-listing,2,4
B09D32CVXR,"Custom-Fit Rubber All-Weather Floor Liners, 2015-2025 F-150 & 2022-2024 Lightning SuperCrew (not rear fold-flat storage)",Generic,floor-mats,$90–$130,ford,f-150,2021-present,"{""cab"": ""SuperCrew"", ""fold_flat_storage"": false}",Not for rear fold-flat storage.,amazon-listing,2,5
B0H2YGZR9G,"TPE Floor Mats + Cargo Liner Full Set, 2015-2025 F-150 SuperCrew 1st & 2nd row",Generic,floor-mats,$110–$150,ford,f-150,2021-present,"{""cab"": ""SuperCrew""}",Full set.,amazon-listing,2,6
B07QHNYFYW,"Diode Dynamics Hood Mount LED Light Bar Brackets, 2018-2025 Wrangler JL",Diode Dynamics,led-light-bars,$70–$100,jeep,wrangler,2018-present,"{""mount"": ""hood""}",Brand-name hood cowl brackets for 20 in bars.,amazon-listing,2,1
B0B2LTBF3T,"Hawkley 50-52 in A-Pillar Windshield Light Bar Brackets + 2x 4 in spot lights, 2018-2026 JL/JLU & 2019-2026 Gladiator (not 4xe / Mojave)",Hawkley,led-light-bars,$80–$120,jeep,wrangler,2018-present,"{""mount"": ""windshield""}",Not for 4xe or Mojave.,amazon-listing,2,2
B0BMTXQZLT,"Hawkley 50/52 in A-Pillar Light Bar Mounting Brackets, 2018-2026 Wrangler JL/JLU & Gladiator JT",Hawkley,led-light-bars,$50–$80,jeep,wrangler,2018-present,"{""mount"": ""windshield""}",Brackets only.,amazon-listing,2,3
B07M5K9LMX,"AUXMART 52 in Windshield Light Bar Brackets with A-pillar mounts, 2018-2022 JL / Gladiator (not Mojave)",AUXMART,led-light-bars,$50–$80,jeep,wrangler,2018-present,"{""mount"": ""windshield"", ""year_to"": 2022}",Listed to 2022; confirm later years.,amazon-listing,1,4
B083NGH9CW,"Auto Dynasty 52 in Windshield LED Light Bar Steel Brackets, 2018-2020 JL",Auto Dynasty,led-light-bars,$40–$70,jeep,wrangler,2018-present,"{""mount"": ""windshield"", ""year_to"": 2020}",2018-2020 only.,amazon-listing,2,5
B07VCLXVVZ,"Mopar OEM Bumper Mount Light Bracket, Wrangler JL",Mopar,led-light-bars,$60–$100,jeep,wrangler,2018-present,"{""mount"": ""bumper""}",Factory bumper bracket for cube/bar lights.,amazon-listing,2,6
B07Y5XWXZ8,"Fab Fours ViCowl 20 in Light Bar Insert, 2018+ Wrangler JL",Fab Fours,led-light-bars,$150–$220,jeep,wrangler,2018-present,"{""mount"": ""hood""}",Cowl insert for a 20 in bar.,amazon-listing,2,7
